CAD,Date
2.7344,3/1/2024
2.73,2/1/2024
2.7391,29/12/2023
2.737,28/12/2023
2.7452,27/12/2023
2.739,26/12/2023
2.7112,22/12/2023
2.7075,21/12/2023
2.7327,20/12/2023
2.7213,19/12/2023
2.7341,18/12/2023
2.7348,15/12/2023
2.7426,14/12/2023
2.7291,13/12/2023
2.7326,12/12/2023
2.7341,11/12/2023
2.721,8/12/2023
2.7224,7/12/2023
2.7305,6/12/2023
2.7469,5/12/2023
2.7369,4/12/2023
2.7644,1/12/2023
2.7281,30/11/2023
2.7083,29/11/2023
2.728,28/11/2023
2.7324,27/11/2023
2.73,24/11/2023
2.7259,23/11/2023
2.7152,22/11/2023
2.706,21/11/2023
2.7171,20/11/2023
2.7127,17/11/2023
2.7574,16/11/2023
2.7522,15/11/2023
2.7723,14/11/2023
2.8005,13/11/2023
2.8049,10/11/2023
2.7935,9/11/2023
2.7937,8/11/2023
2.8125,7/11/2023
2.8408,6/11/2023
2.9003,3/11/2023
2.872,2/11/2023
2.9028,1/11/2023
2.9051,31/10/2023
2.9314,30/10/2023
2.9542,27/10/2023
2.9533,26/10/2023
2.9483,25/10/2023
2.966,24/10/2023
2.96,23/10/2023
2.9505,20/10/2023
2.9352,19/10/2023
2.9509,18/10/2023
2.9396,17/10/2023
2.9252,16/10/2023
2.9042,13/10/2023
2.9114,12/10/2023
2.9098,11/10/2023
2.9046,10/10/2023
2.8616,9/10/2023
2.8157,6/10/2023
2.7998,5/10/2023
2.8183,4/10/2023
2.8079,3/10/2023
2.818,2/10/2023
2.8425,29/09/2023
2.8555,28/09/2023
2.8428,27/09/2023
2.8297,26/09/2023
2.8334,22/09/2023
2.818,21/09/2023
2.8376,20/09/2023
2.8294,19/09/2023
2.8321,18/09/2023
2.8278,14/09/2023
2.8143,13/09/2023
2.7956,12/9/2023
2.8277,11/9/2023
2.8134,8/9/2023
2.8171,7/9/2023
2.7909,6/9/2023
2.7778,5/9/2023
2.8008,4/9/2023
2.8086,1/9/2023
2.8048,31/08/2023
2.7992,30/08/2023
2.795,29/08/2023
2.7914,28/08/2023
2.797,25/08/2023
2.7848,24/08/2023
2.7904,23/08/2023
2.7939,22/08/2023
2.8086,21/08/2023
2.7995,18/08/2023
2.7943,17/08/2023
2.7809,16/08/2023
2.7888,15/08/2023
2.7701,14/08/2023
2.7713,11/8/2023
2.7751,10/8/2023
2.7694,9/8/2023
2.7492,8/8/2023
2.7467,7/8/2023
2.7585,4/8/2023
2.7576,3/8/2023
2.7456,2/8/2023
2.7521,1/8/2023
2.7943,31/07/2023
2.8062,28/07/2023
2.8082,26/07/2023
2.8207,25/07/2023
2.7456,24/07/2023
2.7448,21/07/2023
2.7365,20/07/2023
2.7223,19/07/2023
2.7529,18/07/2023
2.7502,17/07/2023
2.7505,14/07/2023
2.7479,13/07/2023
2.7731,12/7/2023
2.7952,11/7/2023
2.7897,10/7/2023
2.7791,7/7/2023
2.7846,6/7/2023
2.7853,5/7/2023
2.8007,4/7/2023
2.8018,3/7/2023
2.7898,30/06/2023
2.7842,29/06/2023
2.7808,28/06/2023
2.7634,27/06/2023
2.754,26/06/2023
2.7499,23/06/2023
2.7553,22/06/2023
2.7256,21/06/2023
2.7273,20/06/2023
2.7279,19/06/2023
2.6877,16/06/2023
2.689,15/06/2023
2.7168,14/06/2023
2.6646,13/06/2023
2.692,12/6/2023
2.7224,9/6/2023
2.7424,8/6/2023
2.7308,7/6/2023
2.7665,6/6/2023
2.7773,5/6/2023
2.7904,2/6/2023
2.7544,1/6/2023
2.722,31/05/2023
2.7303,30/05/2023
2.7429,25/05/2023
2.7518,24/05/2023
2.712,23/05/2023
2.7045,22/05/2023
2.7026,19/05/2023
2.7009,18/05/2023
2.7055,17/05/2023
2.7187,16/05/2023
2.7009,15/05/2023
2.7016,12/5/2023
2.7185,11/5/2023
2.7451,10/5/2023
2.7341,9/5/2023
2.7231,8/5/2023
2.7028,5/5/2023
2.6715,4/5/2023
2.67,3/5/2023
2.6659,2/5/2023
2.6657,1/5/2023
2.6671,28/04/2023
2.6675,27/04/2023
2.6796,25/04/2023
2.7028,24/04/2023
2.7038,21/04/2023
2.7131,20/04/2023
2.7208,19/04/2023
2.7278,18/04/2023
2.7286,17/04/2023
2.7469,14/04/2023
2.7293,13/04/2023
2.6863,11/4/2023
2.6524,4/4/2023
2.6685,3/4/2023
2.6667,31/03/2023
2.6469,30/03/2023
2.624,29/03/2023
2.5847,28/03/2023
2.5954,27/03/2023
2.6408,24/03/2023
2.6421,23/03/2023
2.6581,22/03/2023
2.6701,21/03/2023
2.6824,20/03/2023
2.6767,17/03/2023
2.6691,16/03/2023
2.6472,15/03/2023
2.6545,14/03/2023
2.6317,13/03/2023
2.5981,10/3/2023
2.61,9/3/2023
2.6333,6/3/2023
2.7013,3/3/2023
2.6755,2/3/2023
2.6747,1/3/2023
2.7031,28/02/2023
2.7008,27/02/2023
2.6952,24/02/2023
2.6706,23/02/2023
2.7031,22/02/2023
2.711,21/02/2023
2.6467,20/02/2023
2.6407,17/02/2023
2.642,16/02/2023
2.6323,15/02/2023
2.6261,14/02/2023
2.6551,13/02/2023
2.6111,10/2/2023
2.6044,9/2/2023
2.5979,8/2/2023
2.5861,7/2/2023
2.5844,6/2/2023
2.5455,3/2/2023
2.5751,2/2/2023
2.5954,1/2/2023
2.5847,31/01/2023
2.6014,30/01/2023
2.5769,27/01/2023
2.5391,26/01/2023
2.5202,25/01/2023
2.5249,24/01/2023
2.5268,23/01/2023
2.5306,20/01/2023
2.5254,19/01/2023
2.5297,18/01/2023
2.5477,17/01/2023
2.552,16/01/2023
2.5548,13/01/2023
2.5554,12/1/2023
2.5733,11/1/2023
2.5931,10/1/2023
2.6127,9/1/2023
2.6098,6/1/2023
2.6131,5/1/2023
2.6037,4/1/2023
2.5918,3/1/2023
2.5966,30/12/2022
2.5993,29/12/2022
2.6113,28/12/2022
2.594,27/12/2022
2.5675,23/12/2022
2.5508,22/12/2022
2.5513,21/12/2022
2.5443,20/12/2022
2.52,19/12/2022
2.5265,16/12/2022
2.5225,15/12/2022
2.5136,14/12/2022
2.5201,13/12/2022
2.5074,12/12/2022
2.5082,9/12/2022
2.5281,8/12/2022
2.5184,7/12/2022
2.5015,6/12/2022
2.5235,5/12/2022
2.5144,2/12/2022
2.5409,1/12/2022
2.5455,30/11/2022
2.5491,29/11/2022
2.5589,28/11/2022
2.5587,25/11/2022
2.5614,24/11/2022
2.5724,23/11/2022
2.5946,22/11/2022
2.5809,21/11/2022
2.6068,18/11/2022
2.586,17/11/2022
2.5791,16/11/2022
2.5865,15/11/2022
2.5855,14/11/2022
2.5933,11/11/2022
2.6272,10/11/2022
2.6378,9/11/2022
2.6173,8/11/2022
2.6239,7/11/2022
2.612,4/11/2022
2.5887,3/11/2022
2.6005,2/11/2022
2.5801,31/10/2022
2.6049,28/10/2022
2.5919,27/10/2022
2.5903,26/10/2022
2.5898,25/10/2022
2.5939,24/10/2022
2.5754,21/10/2022
2.5836,20/10/2022
2.5668,19/10/2022
2.5695,18/10/2022
2.575,14/10/2022
2.5884,13/10/2022
2.5852,12/10/2022
2.5884,11/10/2022
2.5694,7/10/2022
2.5876,6/10/2022
2.6096,3/10/2022
2.5922,30/09/2022
2.5815,29/09/2022
2.5705,28/09/2022
2.5822,23/09/2022
2.5783,22/09/2022
2.5901,21/09/2022
2.5895,20/09/2022
2.5908,19/09/2022
2.5917,16/09/2022
2.6094,15/09/2022
2.6034,14/09/2022
2.5864,13/09/2022
2.6102,12/9/2022
2.6291,9/9/2022
2.612,8/9/2022
2.6097,7/9/2022
2.6023,6/9/2022
2.597,5/9/2022
2.5678,2/9/2022
2.5524,1/9/2022
2.5481,31/08/2022
2.542,30/08/2022
2.5444,29/08/2022
2.5157,26/08/2022
2.5442,25/08/2022
2.523,24/08/2022
2.5202,23/08/2022
2.5266,22/08/2022
2.5097,19/08/2022
2.5148,18/08/2022
2.5287,17/08/2022
2.5349,16/08/2022
2.5309,15/08/2022
2.543,12/8/2022
2.5522,11/8/2022
2.5559,10/8/2022
2.5714,9/8/2022
2.5788,8/8/2022
2.5885,5/8/2022
2.6094,4/8/2022
2.6181,3/8/2022
2.6201,2/8/2022
2.6481,1/8/2022
2.6505,29/07/2022
2.6769,28/07/2022
2.6649,27/07/2022
2.6751,26/07/2022
2.6741,25/07/2022
2.6738,22/07/2022
2.6721,21/07/2022
2.6751,20/07/2022
2.6528,19/07/2022
2.6597,18/07/2022
2.6541,15/07/2022
2.6475,14/07/2022
2.6687,13/07/2022
2.6721,12/7/2022
2.6725,11/7/2022
2.6724,8/7/2022
2.6895,7/7/2022
2.6935,6/7/2022
2.721,5/7/2022
2.7226,4/7/2022
2.7274,1/7/2022
2.7076,30/06/2022
2.6824,29/06/2022
2.6774,28/06/2022
2.6347,27/06/2022
2.6505,24/06/2022
2.6592,23/06/2022
2.6699,22/06/2022
2.6709,21/06/2022
2.659,20/06/2022
2.6704,17/06/2022
2.6767,16/06/2022
2.6733,15/06/2022
2.6643,14/06/2022
2.6757,13/06/2022
2.6544,10/6/2022
2.6556,9/6/2022
2.6624,8/6/2022
2.6513,7/6/2022
2.6511,6/6/2022
2.6407,2/6/2022
2.6291,1/6/2022
2.635,31/05/2022
2.6135,30/05/2022
2.6316,27/05/2022
2.6221,26/05/2022
2.6132,25/05/2022
2.6193,24/05/2022
2.6268,23/05/2022
2.625,20/05/2022
2.6437,19/05/2022
2.6124,18/05/2022
2.6238,17/05/2022
2.6451,16/05/2022
2.6236,13/05/2022
2.6596,12/5/2022
2.6425,11/5/2022
2.6628,10/5/2022
2.6575,9/5/2022
2.6576,6/5/2022
2.6195,4/5/2022
2.6147,3/5/2022
2.6024,2/5/2022
2.6044,29/04/2022
2.5831,28/04/2022
2.5907,27/04/2022
2.5808,26/04/2022
2.5776,25/04/2022
2.5811,21/04/2022
2.5731,20/04/2022
2.5733,19/04/2022
2.5504,14/04/2022
2.5361,13/04/2022
2.5423,12/4/2022
2.5486,11/4/2022
2.5602,8/4/2022
2.5728,7/4/2022
2.5814,6/4/2022
2.5729,5/4/2022
2.5672,4/4/2022
2.5626,1/4/2022
2.5356,31/03/2022
2.5545,30/03/2022
2.5758,29/03/2022
2.5814,28/03/2022
2.569,25/03/2022
2.5638,24/03/2022
2.5643,23/03/2022
2.562,22/03/2022
2.5677,21/03/2022
2.5693,16/03/2022
2.5611,15/03/2022
2.5625,14/03/2022
2.5545,11/3/2022
2.553,10/3/2022
2.559,9/3/2022
2.5748,8/3/2022
2.5795,7/3/2022
2.5527,4/3/2022
2.5652,3/3/2022
2.5458,2/3/2022
2.5469,1/3/2022
2.5441,28/02/2022
2.5441,25/02/2022
2.5466,24/02/2022
2.5354,23/02/2022
2.5286,22/02/2022
2.5179,21/02/2022
2.518,18/02/2022
2.5103,17/02/2022
2.5086,16/02/2022
2.5349,15/02/2022
2.5538,14/02/2022
2.5419,11/2/2022
2.5416,10/2/2022
2.5337,9/2/2022
2.5367,8/2/2022
2.5124,7/2/2022
2.5165,4/2/2022
2.5084,3/2/2022
2.4916,2/2/2022
2.4957,1/2/2022
2.5045,31/01/2022
2.5023,28/01/2022
2.5157,27/01/2022
2.5277,26/01/2022
2.517,25/01/2022
2.5108,24/01/2022
2.5052,21/01/2022
2.5091,20/01/2022
2.505,19/01/2022
2.4996,18/01/2022
2.4803,17/01/2022
2.4927,14/01/2022
2.4973,13/01/2022
2.4791,12/1/2022
2.4746,11/1/2022
2.4621,10/1/2022
2.4428,7/1/2022
2.4342,6/1/2022
2.4309,5/1/2022
2.4268,4/1/2022
2.438,3/1/2022
2.4424,31/12/2021
2.4331,30/12/2021
2.4272,29/12/2021
2.4313,28/12/2021
2.4416,27/12/2021
2.4582,24/12/2021
2.4577,23/12/2021
2.4523,22/12/2021
2.4468,21/12/2021
2.4402,20/12/2021
2.4364,17/12/2021
2.4317,16/12/2021
2.4344,15/12/2021
2.4295,14/12/2021
2.4322,13/12/2021
2.4403,10/12/2021
2.4458,9/12/2021
2.4616,8/12/2021
2.4853,7/12/2021
2.4711,6/12/2021
2.4594,3/12/2021
2.4721,2/12/2021
2.4719,1/12/2021
2.4728,30/11/2021
2.4781,29/11/2021
2.494,26/11/2021
2.4917,25/11/2021
2.4969,24/11/2021
2.4428,23/11/2021
2.4445,22/11/2021
2.4474,19/11/2021
2.4436,18/11/2021
2.4445,17/11/2021
2.4667,16/11/2021
2.4761,15/11/2021
2.4705,12/11/2021
2.4818,11/11/2021
2.5008,10/11/2021
2.4963,9/11/2021
2.4929,8/11/2021
2.5014,5/11/2021
2.5155,4/11/2021
2.5278,3/11/2021
2.5242,2/11/2021
2.5329,1/11/2021
2.5594,29/10/2021
2.5755,28/10/2021
2.57,27/10/2021
2.5909,26/10/2021
2.5945,25/10/2021
2.6026,22/10/2021
2.6033,21/10/2021
2.6022,20/10/2021
2.6087,19/10/2021
2.6047,18/10/2021
2.6068,15/10/2021
2.6018,14/10/2021
2.6004,13/10/2021
2.5898,12/10/2021
2.5923,11/10/2021
2.5748,8/10/2021
2.5663,7/10/2021
2.5668,6/10/2021
2.5625,5/10/2021
2.5488,4/10/2021
2.5358,1/10/2021
2.5351,30/09/2021
2.5338,29/09/2021
2.5328,27/09/2021
2.5227,24/09/2021
2.525,23/09/2021
2.5106,22/09/2021
2.5117,20/09/2021
2.5378,17/09/2021
2.5381,14/09/2021
2.527,13/09/2021
2.5358,10/9/2021
2.5238,9/9/2021
2.5554,3/9/2021
2.5455,2/9/2021
2.5438,1/9/2021
2.5494,31/08/2021
2.5547,30/08/2021
2.553,27/08/2021
2.5558,26/08/2021
2.5611,25/08/2021
2.5523,24/08/2021
2.5394,23/08/2021
2.5125,20/08/2021
2.5424,19/08/2021
2.566,18/08/2021
2.5559,17/08/2021
2.5618,16/08/2021
2.5733,13/08/2021
2.5726,12/8/2021
2.5683,11/8/2021
2.5665,10/8/2021
2.5684,9/8/2021
2.5734,6/8/2021
2.568,5/8/2021
2.5632,4/8/2021
2.5721,3/8/2021
2.5886,2/8/2021
2.6019,30/07/2021
2.6009,29/07/2021
2.586,28/07/2021
2.5891,27/07/2021
2.599,26/07/2021
2.6026,23/07/2021
2.6046,22/07/2021
2.5943,21/07/2021
2.5854,20/07/2021
2.5815,19/07/2021
2.6096,16/07/2021
2.6056,15/07/2021
2.624,14/07/2021
2.6273,13/07/2021
2.6269,12/7/2021
2.6176,9/7/2021
2.608,8/7/2021
2.628,7/7/2021
2.6405,6/7/2021
2.6427,5/7/2021
2.63,2/7/2021
2.6328,1/7/2021
2.6292,30/06/2021
2.635,29/06/2021
2.6439,28/06/2021
2.6372,25/06/2021
2.6461,24/06/2021
2.6484,23/06/2021
2.6334,22/06/2021
2.6298,21/06/2021
2.6404,18/06/2021
2.6436,17/06/2021
2.6589,16/06/2021
2.6589,15/06/2021
2.6714,14/06/2021
2.6826,11/6/2021
2.678,10/6/2021
2.6861,9/6/2021
2.686,8/6/2021
2.6916,7/6/2021
2.6873,4/6/2021
2.6941,3/6/2021
2.6937,2/6/2021
2.6908,1/6/2021
2.6941,28/05/2021
2.6855,27/05/2021
2.6899,26/05/2021
2.6924,25/05/2021
2.7023,24/05/2021
2.6951,21/05/2021
2.6941,20/05/2021
2.704,19/05/2021
2.7199,18/05/2021
2.702,14/05/2021
2.7135,13/05/2021
2.7128,12/5/2021
2.7137,11/5/2021
2.6833,10/5/2021
2.6771,7/5/2021
2.6641,6/5/2021
2.6606,5/5/2021
2.6394,4/5/2021
2.6406,3/5/2021
2.6422,30/04/2021
2.6388,29/04/2021
2.6201,28/04/2021
2.6141,27/04/2021
2.6053,26/04/2021
2.6078,23/04/2021
2.6089,22/04/2021
2.5849,21/04/2021
2.5967,20/04/2021
2.614,19/04/2021
2.6201,16/04/2021
2.621,14/04/2021
2.6188,13/04/2021
2.6249,12/4/2021
2.6051,9/4/2021
2.6067,8/4/2021
2.6203,7/4/2021
2.6351,6/4/2021
2.6459,5/4/2021
2.6482,1/4/2021
2.6454,31/03/2021
2.6413,30/03/2021
2.6507,29/03/2021
2.644,26/03/2021
2.6289,25/03/2021
2.6207,24/03/2021
2.6456,22/03/2021
2.637,19/03/2021
2.6571,18/03/2021
2.6369,17/03/2021
2.6469,16/03/2021
2.6553,15/03/2021
2.638,12/3/2021
2.6268,11/3/2021
2.6251,10/3/2021
2.642,9/3/2021
2.6253,8/3/2021
2.6141,5/3/2021
2.6189,4/3/2021
2.605,3/3/2021
2.608,2/3/2021
2.607,1/3/2021
2.6275,25/02/2021
2.5965,24/02/2021
2.5878,23/02/2021
2.5884,22/02/2021
2.5793,19/02/2021
2.5734,18/02/2021
2.5638,17/02/2021
2.5625,16/02/2021
2.5644,15/02/2021
2.5491,12/2/2021
2.5705,11/2/2021
2.5627,10/2/2021
2.5578,9/2/2021
2.5704,8/2/2021
2.5685,5/2/2021
2.5752,4/2/2021
2.5804,3/2/2021
2.5743,2/2/2021
2.5674,1/2/2021
2.5615,29/01/2021
2.5616,28/01/2021
2.5611,27/01/2021
2.5688,26/01/2021
2.5697,25/01/2021
2.585,22/01/2021
2.5991,21/01/2021
2.56,20/01/2021
2.5402,19/01/2021
2.5271,18/01/2021
2.5451,15/01/2021
2.4585,14/01/2021
2.4622,13/01/2021
2.4785,12/1/2021
2.4916,11/1/2021
2.5142,8/1/2021
2.5026,7/1/2021
2.5186,6/1/2021
2.5113,5/1/2021
2.5281,4/1/2021
2.5217,31/12/2020
2.513,30/12/2020
2.5075,29/12/2020
2.5046,28/12/2020
2.5055,24/12/2020
2.5035,23/12/2020
2.5129,22/12/2020
2.5216,21/12/2020
2.5401,18/12/2020
2.5544,17/12/2020
2.5519,16/12/2020
2.5507,15/12/2020
2.5579,14/12/2020
2.5487,11/12/2020
2.5441,10/12/2020
2.546,9/12/2020
2.5367,8/12/2020
2.5546,7/12/2020
2.5405,4/12/2020
2.5332,3/12/2020
2.5398,2/12/2020
2.5477,1/12/2020
2.5538,30/11/2020
2.5543,27/11/2020
2.5536,26/11/2020
2.5549,25/11/2020
2.5596,24/11/2020
2.5587,23/11/2020
2.5608,20/11/2020
2.5573,19/11/2020
2.5581,18/11/2020
2.5667,17/11/2020
2.5649,16/11/2020
2.5575,13/11/2020
2.5817,12/11/2020
2.5957,11/11/2020
2.5921,10/11/2020
2.5911,9/11/2020
2.5842,6/11/2020
2.5768,5/11/2020
2.5905,4/11/2020
2.5962,3/11/2020
2.5564,2/11/2020
2.5677,30/10/2020
2.5534,29/10/2020
2.5603,28/10/2020
2.568,27/10/2020
2.564,26/10/2020
2.575,23/10/2020
2.5712,22/10/2020
2.5815,21/10/2020
2.5627,20/10/2020
2.566,19/10/2020
2.561,16/10/2020
2.5718,15/10/2020
2.5746,14/10/2020
2.5823,13/10/2020
2.576,12/10/2020
2.5676,9/10/2020
2.5625,8/10/2020
2.5621,7/10/2020
2.5711,6/10/2020
2.5791,5/10/2020
2.5793,2/10/2020
2.5762,1/10/2020
2.5697,30/09/2020
2.5904,29/09/2020
2.5976,25/09/2020
2.596,24/09/2020
2.5858,23/09/2020
2.5869,22/09/2020
2.5994,21/09/2020
2.591,17/09/2020
2.5918,16/09/2020
2.603,15/09/2020
2.6083,14/09/2020
2.6104,11/9/2020
2.5944,10/9/2020
2.5745,9/9/2020
2.5768,8/9/2020
2.5796,7/9/2020
2.5716,4/9/2020
2.5717,3/9/2020
2.5749,2/9/2020
2.5776,1/9/2020
2.572,31/08/2020
2.5728,28/08/2020
2.5613,27/08/2020
2.5806,26/08/2020
2.5759,25/08/2020
2.5897,24/08/2020
2.5827,21/08/2020
2.5768,20/08/2020
2.5868,19/08/2020
2.584,18/08/2020
2.5764,17/08/2020
2.5698,14/08/2020
2.5756,13/08/2020
2.5637,12/8/2020
2.5597,11/8/2020
2.5505,10/8/2020
2.5527,7/8/2020
2.5647,6/8/2020
2.5718,5/8/2020
2.5543,4/8/2020
2.5435,3/8/2020
2.5384,31/07/2020
2.5514,29/07/2020
2.5498,28/07/2020
2.5514,27/07/2020
2.5477,24/07/2020
2.5545,23/07/2020
2.547,22/07/2020
2.539,21/07/2020
2.5292,20/07/2020
2.5386,17/07/2020
2.5336,16/07/2020
2.5278,15/07/2020
2.5254,14/07/2020
2.5373,13/07/2020
2.5402,10/7/2020
2.55,9/7/2020
2.5413,8/7/2020
2.5424,7/7/2020
2.5412,6/7/2020
2.5324,3/7/2020
2.5363,2/7/2020
2.5425,1/7/2020
2.5308,30/06/2020
2.5162,29/06/2020
2.5162,26/06/2020
2.5274,25/06/2020
2.5257,24/06/2020
2.539,23/06/2020
2.5379,22/06/2020
2.5365,19/06/2020
2.5483,18/06/2020
2.5544,17/06/2020
2.5602,16/06/2020
2.5584,15/06/2020
2.556,12/6/2020
2.5561,11/6/2020
2.5739,10/6/2020
2.5653,9/6/2020
2.5806,8/6/2020
2.5652,5/6/2020
2.575,4/6/2020
2.5589,3/6/2020
2.5785,2/6/2020
2.559,1/6/2020
2.5436,28/05/2020
2.5464,27/05/2020
2.5317,26/05/2020
2.5149,22/05/2020
2.527,21/05/2020
2.5202,20/05/2020
2.5311,19/05/2020
2.5185,18/05/2020
2.5186,15/05/2020
2.5131,14/05/2020
2.506,13/05/2020
2.5076,12/5/2020
2.5135,11/5/2020
2.4984,7/5/2020
2.4928,6/5/2020
2.5065,5/5/2020
2.5007,4/5/2020
2.4895,1/5/2020
2.5226,30/04/2020
2.4915,28/04/2020
2.4978,27/04/2020
2.5007,24/04/2020
2.5144,23/04/2020
2.5041,22/04/2020
2.49,21/04/2020
2.5398,20/04/2020
2.5475,17/04/2020
2.5485,16/04/2020
2.5774,14/04/2020
2.5684,7/4/2020
2.5665,6/4/2020
2.5651,3/4/2020
2.5691,2/4/2020
2.4976,1/4/2020
2.5002,31/03/2020
2.5322,30/03/2020
2.559,27/03/2020
2.5571,26/03/2020
2.5325,25/03/2020
2.5296,24/03/2020
2.555,23/03/2020
2.5284,20/03/2020
2.5422,19/03/2020
2.6626,18/03/2020
2.7274,17/03/2020
2.6802,16/03/2020
2.6452,13/03/2020
2.6314,12/3/2020
2.567,9/3/2020
2.6032,6/3/2020
2.5825,5/3/2020
2.5908,4/3/2020
2.5889,3/3/2020
2.5796,28/02/2020
2.5739,27/02/2020
2.587,26/02/2020
2.5804,25/02/2020
2.5853,24/02/2020
2.5821,21/02/2020
2.5884,20/02/2020
2.5883,19/02/2020
2.5769,18/02/2020
2.5908,17/02/2020
2.5913,14/02/2020
2.586,13/02/2020
2.5801,12/2/2020
2.5712,11/2/2020
2.5735,10/2/2020
2.5747,7/2/2020
2.5885,6/2/2020
2.6002,5/2/2020
2.5957,4/2/2020
2.6022,3/2/2020
2.6073,31/01/2020
2.6094,30/01/2020
2.6238,29/01/2020
2.6193,28/01/2020
2.6225,27/01/2020
2.6323,24/01/2020
2.6275,23/01/2020
2.6429,22/01/2020
2.6459,21/01/2020
2.6447,20/01/2020
2.6493,17/01/2020
2.6507,16/01/2020
2.648,15/01/2020
2.655,14/01/2020
2.6574,13/01/2020
2.6565,10/1/2020
2.6587,9/1/2020
2.663,8/1/2020
2.671,7/1/2020
2.6791,6/1/2020
2.6696,3/1/2020
2.656,2/1/2020
2.6535,31/12/2019
2.6487,30/12/2019
2.6467,27/12/2019
2.6397,26/12/2019
2.6335,24/12/2019
2.6395,23/12/2019
2.6462,20/12/2019
2.6617,19/12/2019
2.6618,18/12/2019
2.6511,17/12/2019
2.6638,16/12/2019
2.6403,13/12/2019
2.6425,12/12/2019
2.6272,11/12/2019
2.6161,10/12/2019
2.6182,9/12/2019
2.6287,6/12/2019
2.6303,5/12/2019
2.6154,4/12/2019
2.6172,3/12/2019
2.6146,2/12/2019
2.6151,29/11/2019
2.6118,28/11/2019
2.6155,27/11/2019
2.6014,26/11/2019
2.6019,25/11/2019
2.6077,22/11/2019
2.5956,21/11/2019
2.607,20/11/2019
2.6168,19/11/2019
2.619,18/11/2019
2.626,15/11/2019
2.6304,14/11/2019
2.6355,13/11/2019
2.6496,12/11/2019
2.6457,11/11/2019
2.6485,8/11/2019
2.6484,7/11/2019
2.6501,6/11/2019
2.6669,5/11/2019
2.6771,4/11/2019
2.675,1/11/2019
2.6797,31/10/2019
2.6966,30/10/2019
2.705,29/10/2019
2.7013,28/10/2019
2.7089,25/10/2019
2.6929,24/10/2019
2.7011,23/10/2019
2.7037,22/10/2019
2.6895,18/10/2019
2.6854,17/10/2019
2.6747,16/10/2019
2.6562,15/10/2019
2.6438,11/10/2019
2.6317,10/10/2019
2.6227,7/10/2019
2.612,4/10/2019
2.6211,3/10/2019
2.6298,2/10/2019
2.6267,27/09/2019
2.6541,26/09/2019
2.6388,25/09/2019
2.6447,24/09/2019
2.6451,23/09/2019
2.6481,20/09/2019
2.6506,19/09/2019
2.6705,18/09/2019
2.6701,16/09/2019
2.6675,13/09/2019
2.6853,12/9/2019
2.6953,11/9/2019
2.6853,10/9/2019
2.6809,9/9/2019
2.664,6/9/2019
2.66,5/9/2019
2.6477,4/9/2019
2.6552,3/9/2019
2.6533,2/9/2019
2.6566,30/08/2019
2.6501,29/08/2019
2.6491,28/08/2019
2.6605,27/08/2019
2.6446,26/08/2019
2.6365,23/08/2019
2.6512,22/08/2019
2.6537,21/08/2019
2.6434,20/08/2019
2.6748,19/08/2019
2.6618,16/08/2019
2.6443,15/08/2019
2.6308,14/08/2019
2.6355,13/08/2019
2.6327,12/8/2019
2.6311,9/8/2019
2.6198,8/8/2019
2.6234,7/8/2019
2.6438,6/8/2019
2.6412,5/8/2019
2.6533,2/8/2019
2.6651,1/8/2019
2.6616,31/07/2019
2.6575,30/07/2019
2.6762,29/07/2019
2.6754,26/07/2019
2.6825,25/07/2019
2.6809,24/07/2019
2.6924,23/07/2019
2.7084,22/07/2019
2.713,19/07/2019
2.7128,18/07/2019
2.7119,17/07/2019
2.7141,16/07/2019
2.7153,15/07/2019
2.7257,12/7/2019
2.7177,11/7/2019
2.7222,10/7/2019
2.7177,9/7/2019
2.7355,8/7/2019
2.7264,5/7/2019
2.7298,4/7/2019
2.7264,3/7/2019
2.7254,2/7/2019
2.7276,1/7/2019
2.7225,28/06/2019
2.7277,27/06/2019
2.7294,26/06/2019
2.7336,25/06/2019
2.7331,24/06/2019
2.7264,21/06/2019
2.7131,20/06/2019
2.6975,19/06/2019
2.6909,18/06/2019
2.6912,17/06/2019
2.6987,14/06/2019
2.6994,13/06/2019
2.6937,12/6/2019
2.7017,11/6/2019
2.7006,10/6/2019
2.6985,7/6/2019
2.6855,6/6/2019
2.6978,5/6/2019
2.6905,4/6/2019
2.6916,3/6/2019
2.6842,31/05/2019
2.6832,30/05/2019
2.6778,29/05/2019
2.6828,28/05/2019
2.6813,24/05/2019
2.6848,23/05/2019
2.6969,22/05/2019
2.6818,21/05/2019
2.6583,20/05/2019
2.6556,17/05/2019
2.6584,16/05/2019
2.6506,15/05/2019
2.6577,14/05/2019
2.6561,13/05/2019
2.6507,10/5/2019
2.6622,8/5/2019
2.6645,7/5/2019
2.6656,6/5/2019
2.6728,3/5/2019
2.6786,2/5/2019
2.6775,1/5/2019
2.6824,30/04/2019
2.6864,29/04/2019
2.6876,25/04/2019
2.6867,24/04/2019
2.6866,23/04/2019
2.684,18/04/2019
2.6837,17/04/2019
2.6571,16/04/2019
2.6731,15/04/2019
2.6802,12/4/2019
2.6824,11/4/2019
2.6855,10/4/2019
2.6763,8/4/2019
2.6866,5/4/2019
2.6975,4/4/2019
2.7057,3/4/2019
2.7206,2/4/2019
2.7143,1/4/2019
2.7052,29/03/2019
2.7073,28/03/2019
2.7094,27/03/2019
2.6998,26/03/2019
2.6982,25/03/2019
2.7056,20/03/2019
2.7122,19/03/2019
2.7011,18/03/2019
2.7081,15/03/2019
2.6992,14/03/2019
2.7092,13/03/2019
2.7048,12/3/2019
2.6977,11/3/2019
2.6981,8/3/2019
2.694,7/3/2019
2.7036,6/3/2019
2.7106,5/3/2019
2.7228,4/3/2019
2.7572,1/3/2019
2.7364,28/02/2019
2.7549,27/02/2019
2.742,26/02/2019
2.7481,25/02/2019
2.7326,22/02/2019
2.7458,21/02/2019
2.7444,20/02/2019
2.7395,19/02/2019
2.7326,18/02/2019
2.7359,15/02/2019
2.7608,14/02/2019
2.7475,13/02/2019
2.7485,12/2/2019
2.746,11/2/2019
2.7287,8/2/2019
2.7387,7/2/2019
2.7431,6/2/2019
2.7535,5/2/2019
2.7697,4/2/2019
2.7628,1/2/2019
2.7725,31/01/2019
2.7742,30/01/2019
2.7743,29/01/2019
2.7804,28/01/2019
2.766,25/01/2019
2.7567,24/01/2019
2.7659,23/01/2019
2.7681,22/01/2019
2.7814,21/01/2019
2.7825,18/01/2019
2.7764,17/01/2019
2.7717,16/01/2019
2.7682,15/01/2019
2.7534,14/01/2019
2.7854,11/1/2019
2.7723,10/1/2019
2.7817,9/1/2019
2.7845,8/1/2019
2.7675,7/1/2019
2.767,4/1/2019
2.7478,3/1/2019
2.748,2/1/2019
2.7517,31/12/2018
2.7703,28/12/2018
2.7781,27/12/2018
2.7761,26/12/2018
2.7813,24/12/2018
2.7923,21/12/2018
2.7886,20/12/2018
2.7912,19/12/2018
2.8079,18/12/2018
2.8219,17/12/2018
2.8159,14/12/2018
2.807,13/12/2018
2.8006,12/12/2018
2.8002,11/12/2018
2.7997,10/12/2018
2.7903,7/12/2018
2.7789,6/12/2018
2.8047,5/12/2018
2.8286,4/12/2018
2.8183,3/12/2018
2.782,30/11/2018
2.7942,29/11/2018
2.8022,28/11/2018
2.8143,27/11/2018
2.8239,26/11/2018
2.8286,23/11/2018
2.8193,22/11/2018
2.8174,21/11/2018
2.8186,20/11/2018
2.8171,19/11/2018
2.8234,16/11/2018
2.7939,15/11/2018
2.7945,14/11/2018
2.7869,13/11/2018
2.7849,12/11/2018
2.7911,9/11/2018
2.8029,8/11/2018
2.8054,7/11/2018
2.8126,6/11/2018
2.8245,5/11/2018
2.8275,2/11/2018
2.8259,1/11/2018
2.834,31/10/2018
2.8268,29/10/2018
2.8172,26/10/2018
2.8294,25/10/2018
2.812,24/10/2018
2.8019,23/10/2018
2.791,22/10/2018
2.8064,19/10/2018
2.7997,18/10/2018
2.8148,17/10/2018
2.8116,16/10/2018
2.7864,15/10/2018
2.7871,12/10/2018
2.7862,11/10/2018
2.799,10/10/2018
2.8042,9/10/2018
2.7835,8/10/2018
2.8102,5/10/2018
2.8297,4/10/2018
2.8358,3/10/2018
2.8431,2/10/2018
2.7869,28/09/2018
2.7555,27/09/2018
2.7632,26/09/2018
2.7653,25/09/2018
2.7672,21/09/2018
2.7779,20/09/2018
2.7513,17/09/2018
2.7405,14/09/2018
2.7494,13/09/2018
2.7502,12/9/2018
2.7246,7/9/2018
2.7291,6/9/2018
2.7467,5/9/2018
2.7562,4/9/2018
2.7675,3/9/2018
2.7699,31/08/2018
2.7934,30/08/2018
2.8184,29/08/2018
2.8012,28/08/2018
2.7871,27/08/2018
2.7816,24/08/2018
2.7902,23/08/2018
2.7949,22/08/2018
2.8073,21/08/2018
2.8015,20/08/2018
2.7915,17/08/2018
2.8048,16/08/2018
2.8192,15/08/2018
2.8217,14/08/2018
2.8195,13/08/2018
2.8202,10/8/2018
2.8271,9/8/2018
2.8147,8/8/2018
2.8482,7/8/2018
2.849,6/8/2018
2.839,3/8/2018
2.8303,2/8/2018
2.8238,1/8/2018
2.8083,31/07/2018
2.81,30/07/2018
2.8057,27/07/2018
2.7897,26/07/2018
2.7742,25/07/2018
2.7763,24/07/2018
2.7648,23/07/2018
2.7501,20/07/2018
2.7578,19/07/2018
2.7503,18/07/2018
2.7613,17/07/2018
2.7703,16/07/2018
2.7649,13/07/2018
2.7689,12/7/2018
2.7669,11/7/2018
2.7729,10/7/2018
2.7671,9/7/2018
2.7683,6/7/2018
2.762,5/7/2018
2.7818,4/7/2018
2.7791,3/7/2018
2.7804,2/7/2018
2.761,29/06/2018
2.7454,28/06/2018
2.7421,27/06/2018
2.7243,26/06/2018
2.7196,25/06/2018
2.7207,22/06/2018
2.7199,21/06/2018
2.7352,20/06/2018
2.7468,19/06/2018
2.7544,18/06/2018
2.7441,15/06/2018
2.7735,14/06/2018
2.7541,13/06/2018
2.7494,12/6/2018
2.7468,11/6/2018
2.7454,8/6/2018
2.7545,7/6/2018
2.7612,6/6/2018
2.7535,5/6/2018
2.7595,4/6/2018
2.753,1/6/2018
2.7749,31/05/2018
2.7567,30/05/2018
2.7573,29/05/2018
2.7651,25/05/2018
2.7712,24/05/2018
2.7748,23/05/2018
2.7912,22/05/2018
2.7845,21/05/2018
2.8016,18/05/2018
2.8061,17/05/2018
2.7949,16/05/2018
2.8087,15/05/2018
2.7999,14/05/2018
2.7968,11/5/2018
2.8044,10/5/2018
2.7848,9/5/2018
2.7755,8/5/2018
2.8132,7/5/2018
2.8154,4/5/2018
2.8294,3/5/2018
2.812,2/5/2018
2.8105,1/5/2018
2.791,30/04/2018
2.7892,27/04/2018
2.7847,26/04/2018
2.7865,25/04/2018
2.7745,24/04/2018
2.7703,23/04/2018
2.783,20/04/2018
2.7954,18/04/2018
2.8075,17/04/2018
2.7793,16/04/2018
2.791,13/04/2018
2.7949,12/4/2018
2.7873,11/4/2018
2.7657,10/4/2018
2.7595,9/4/2018
2.7677,5/4/2018
2.7521,4/4/2018
2.7312,3/4/2018
2.7238,29/03/2018
2.7127,28/03/2018
2.7075,27/03/2018
2.7121,26/03/2018
2.7062,23/03/2018
2.7021,22/03/2018
2.6909,21/03/2018
2.6631,20/03/2018
2.6539,19/03/2018
2.6414,16/03/2018
2.6476,15/03/2018
2.6522,14/03/2018
2.6761,13/03/2018
2.6812,12/3/2018
2.6832,9/3/2018
2.6719,8/3/2018
2.6795,7/3/2018
2.6764,6/3/2018
2.6777,5/3/2018
2.73,28/02/2018
2.7348,27/02/2018
2.7647,26/02/2018
2.7418,23/02/2018
2.7563,22/02/2018
2.7652,21/02/2018
2.7781,20/02/2018
2.806,19/02/2018
2.8388,16/02/2018
2.8215,15/02/2018
2.8095,14/02/2018
2.8021,13/02/2018
2.8021,12/2/2018
2.792,9/2/2018
2.7793,8/2/2018
2.7853,7/2/2018
2.7775,6/2/2018
2.7679,5/2/2018
2.7885,2/2/2018
2.7809,1/2/2018
2.7714,31/01/2018
2.759,30/01/2018
2.7628,29/01/2018
2.7508,26/01/2018
2.7625,25/01/2018
2.76,24/01/2018
2.7432,23/01/2018
2.7446,22/01/2018
2.7446,19/01/2018
2.7549,18/01/2018
2.7735,17/01/2018
2.7415,16/01/2018
2.736,15/01/2018
2.7224,12/1/2018
2.7259,11/1/2018
2.7543,10/1/2018
2.7709,9/1/2018
2.7728,8/1/2018
2.7557,5/1/2018
2.7534,4/1/2018
2.7631,3/1/2018
2.7583,2/1/2018
2.7648,29/12/2017
2.7521,28/12/2017
2.7531,27/12/2017
2.7407,26/12/2017
2.7396,22/12/2017
2.7191,21/12/2017
2.7228,20/12/2017
2.72,19/12/2017
2.7287,18/12/2017
2.7637,15/12/2017
2.7508,14/12/2017
2.7598,13/12/2017
2.7589,12/12/2017
2.7377,11/12/2017
2.7379,8/12/2017
2.7419,7/12/2017
2.773,6/12/2017
2.7617,5/12/2017
2.753,4/12/2017
2.7116,1/12/2017
2.7141,30/11/2017
2.7303,29/11/2017
2.7379,28/11/2017
2.7606,27/11/2017
2.7606,24/11/2017
2.7693,23/11/2017
2.7644,22/11/2017
2.7559,21/11/2017
2.7505,20/11/2017
2.7573,17/11/2017
2.7597,16/11/2017
2.7687,15/11/2017
2.787,14/11/2017
2.7886,13/11/2017
2.786,10/11/2017
2.7667,9/11/2017
2.7561,8/11/2017
2.7549,7/11/2017
2.7544,6/11/2017
2.7385,3/11/2017
2.7297,2/11/2017
2.7231,1/11/2017
2.741,31/10/2017
2.7489,30/10/2017
2.7465,27/10/2017
2.7425,26/10/2017
2.7682,25/10/2017
2.7672,24/10/2017
2.7631,23/10/2017
2.7921,20/10/2017
2.8107,19/10/2017
2.8049,18/10/2017
2.7992,17/10/2017
2.788,16/10/2017
2.8096,13/10/2017
2.8015,11/10/2017
2.8,10/10/2017
2.7995,9/10/2017
2.796,6/10/2017
2.8229,4/10/2017
2.8217,3/10/2017
2.8288,2/10/2017
2.8287,28/09/2017
2.8613,27/09/2017
2.8461,26/09/2017
2.8502,25/09/2017
2.8611,19/09/2017
2.8847,18/09/2017
2.8952,15/09/2017
2.903,14/09/2017
2.9146,13/09/2017
2.9185,12/9/2017
2.9075,11/9/2017
2.8928,8/9/2017
2.8969,7/9/2017
2.8755,6/9/2017
2.8809,5/9/2017
2.8858,4/9/2017
2.8702,1/9/2017
2.8427,31/08/2017
2.8529,30/08/2017
2.8705,29/08/2017
2.8724,28/08/2017
2.874,25/08/2017
2.8725,24/08/2017
2.8764,23/08/2017
2.8782,22/08/2017
2.8769,21/08/2017
2.8669,18/08/2017
2.8739,17/08/2017
2.8485,16/08/2017
2.8177,15/08/2017
2.8228,14/08/2017
2.8173,11/8/2017
2.8269,10/8/2017
2.8404,9/8/2017
2.8487,8/8/2017
2.8554,7/8/2017
2.8708,4/8/2017
2.8472,3/8/2017
2.8518,2/8/2017
2.8531,31/07/2017
2.8405,28/07/2017
2.8578,27/07/2017
2.8523,26/07/2017
2.8514,25/07/2017
2.8646,24/07/2017
2.8269,21/07/2017
2.8324,20/07/2017
2.8401,19/07/2017
2.8259,18/07/2017
2.8003,17/07/2017
2.7781,14/07/2017
2.7761,13/07/2017
2.7478,12/7/2017
2.7692,11/7/2017
2.7447,10/7/2017
2.7167,7/7/2017
2.7296,6/7/2017
2.7194,5/7/2017
2.7064,4/7/2017
2.6892,3/7/2017
2.6908,30/06/2017
2.682,29/06/2017
2.6897,28/06/2017
2.6597,27/06/2017
2.6717,26/06/2017
2.677,23/06/2017
2.6614,22/06/2017
2.6656,21/06/2017
2.6669,20/06/2017
2.6621,19/06/2017
2.6617,16/06/2017
2.6496,15/06/2017
2.6692,14/06/2017
2.6649,13/06/2017
2.6293,12/6/2017
2.6142,9/6/2017
2.6192,8/6/2017
2.6368,7/6/2017
2.6324,6/6/2017
2.6317,5/6/2017
2.6284,2/6/2017
2.6276,1/6/2017
2.6434,30/05/2017
2.6536,26/05/2017
2.6624,25/05/2017
2.6601,24/05/2017
2.6658,23/05/2017
2.6535,22/05/2017
2.6439,19/05/2017
2.6436,18/05/2017
2.645,17/05/2017
2.647,16/05/2017
2.6417,15/05/2017
2.6353,12/5/2017
2.6365,11/5/2017
2.6307,10/5/2017
2.6349,9/5/2017
2.6332,8/5/2017
2.6196,5/5/2017
2.6356,4/5/2017
2.633,3/5/2017
2.6484,28/04/2017
2.6834,27/04/2017
2.6758,26/04/2017
2.6881,25/04/2017
2.7185,24/04/2017
2.7336,21/04/2017
2.7163,20/04/2017
2.7315,19/04/2017
2.7438,18/04/2017
2.7565,13/04/2017
2.7439,12/4/2017
2.7256,7/4/2017
2.7168,6/4/2017
2.7269,5/4/2017
2.7116,4/4/2017
2.7178,3/4/2017
2.7234,31/03/2017
2.7092,30/03/2017
2.7116,29/03/2017
2.6972,28/03/2017
2.7123,27/03/2017
2.7291,24/03/2017
2.7344,23/03/2017
2.732,22/03/2017
2.7155,21/03/2017
2.7091,20/03/2017
2.7244,17/03/2017
2.7274,16/03/2017
2.7195,15/03/2017
2.7226,14/03/2017
2.7238,10/3/2017
2.7264,9/3/2017
2.7416,8/3/2017
2.7408,7/3/2017
2.7481,6/3/2017
2.7529,3/3/2017
2.7583,2/3/2017
2.726,1/3/2017
2.7772,28/02/2017
2.8039,27/02/2017
2.8246,24/02/2017
2.82,23/02/2017
2.8175,22/02/2017
2.8218,21/02/2017
2.8284,20/02/2017
2.8414,17/02/2017
2.8507,16/02/2017
2.8643,15/02/2017
2.875,14/02/2017
2.8613,13/02/2017
2.8524,10/2/2017
2.8572,9/2/2017
2.8524,8/2/2017
2.8469,7/2/2017
2.8773,6/2/2017
2.8842,3/2/2017
2.8945,2/2/2017
2.8861,1/2/2017
2.8826,31/01/2017
2.8753,30/01/2017
2.8964,27/01/2017
2.8837,26/01/2017
2.8827,25/01/2017
2.8496,24/01/2017
2.8601,23/01/2017
2.8557,20/01/2017
2.8682,19/01/2017
2.9087,18/01/2017
2.9279,17/01/2017
2.9123,16/01/2017
2.904,13/01/2017
2.93,12/1/2017
2.9086,11/1/2017
2.9037,10/1/2017
2.8994,9/1/2017
2.8996,6/1/2017
2.8982,5/1/2017
2.8947,4/1/2017
2.8703,3/1/2017
2.8511,30/12/2016
2.8414,29/12/2016
2.8395,28/12/2016
2.8453,27/12/2016
2.8308,23/12/2016
2.8354,22/12/2016
2.864,21/12/2016
2.8759,20/12/2016
2.8903,19/12/2016
2.8855,16/12/2016
2.8849,15/12/2016
2.9018,14/12/2016
2.9043,13/12/2016
2.9125,12/12/2016
2.8956,9/12/2016
2.8687,8/12/2016
2.8637,7/12/2016
2.8696,6/12/2016
2.8703,5/12/2016
2.8768,2/12/2016
2.8561,1/12/2016
2.8701,30/11/2016
2.8601,29/11/2016
2.8586,28/11/2016
2.8702,25/11/2016
2.8727,24/11/2016
2.8738,23/11/2016
2.8853,22/11/2016
2.874,21/11/2016
2.8619,18/11/2016
2.8711,17/11/2016
2.8603,16/11/2016
2.843,15/11/2016
2.8426,14/11/2016
2.8497,11/11/2016
2.8492,10/11/2016
2.8301,9/11/2016
2.8518,8/11/2016
2.8451,7/11/2016
2.8389,4/11/2016
2.8512,3/11/2016
2.8479,2/11/2016
2.8589,1/11/2016
2.8744,31/10/2016
2.8799,28/10/2016
2.8749,27/10/2016
2.8744,26/10/2016
2.8902,25/10/2016
2.9049,21/10/2016
2.9123,20/10/2016
2.9137,19/10/2016
2.919,18/10/2016
2.8894,14/10/2016
2.8784,13/10/2016
2.8604,10/10/2016
2.8629,7/10/2016
2.8629,6/10/2016
2.86,5/10/2016
2.8552,30/09/2016
2.87,29/09/2016
2.8412,28/09/2016
2.8302,27/09/2016
2.8533,26/09/2016
2.877,23/09/2016
2.8846,22/09/2016
2.872,21/09/2016
2.8542,20/09/2016
2.8698,19/09/2016
2.8593,16/09/2016
2.8631,15/09/2016
2.8751,14/09/2016
2.8779,13/09/2016
2.876,12/9/2016
2.9021,9/9/2016
2.9126,8/9/2016
2.9319,7/9/2016
2.9204,6/9/2016
2.9114,5/9/2016
2.8749,2/9/2016
2.8766,1/9/2016
2.8897,31/08/2016
2.9024,30/08/2016
2.9118,29/08/2016
2.9092,26/08/2016
2.9173,25/08/2016
2.9181,24/08/2016
2.9199,23/08/2016
2.9266,22/08/2016
2.9399,19/08/2016
2.9461,18/08/2016
2.941,17/08/2016
2.9411,16/08/2016
2.947,15/08/2016
2.9376,12/8/2016
2.9217,11/8/2016
2.9286,10/8/2016
2.903,9/8/2016
2.9081,8/8/2016
2.9349,5/8/2016
2.9275,4/8/2016
2.9179,3/8/2016
2.9211,2/8/2016
2.9115,1/8/2016
2.9041,29/07/2016
2.9096,28/07/2016
2.91,27/07/2016
2.9054,26/07/2016
2.9205,25/07/2016
2.9238,22/07/2016
2.9557,21/07/2016
2.9554,20/07/2016
2.9643,19/07/2016
2.9783,18/07/2016
2.9793,15/07/2016
2.9812,14/07/2016
2.9691,13/07/2016
2.9719,12/7/2016
2.9684,11/7/2016
2.9829,8/7/2016
2.9979,7/7/2016
2.9892,6/7/2016
2.9916,5/7/2016
2.9951,4/7/2016
2.9725,1/7/2016
2.9717,30/06/2016
2.9706,29/06/2016
2.9855,28/06/2016
2.996,27/06/2016
2.9828,24/06/2016
3.0057,23/06/2016
3.0178,22/06/2016
3.0194,21/06/2016
3.0027,20/06/2016
2.9893,17/06/2016
2.9697,16/06/2016
3.018,15/06/2016
3.0062,14/06/2016
3.0317,13/06/2016
3.0168,10/6/2016
3.017,9/6/2016
3.02,8/6/2016
2.9887,7/6/2016
2.9589,6/6/2016
2.9576,3/6/2016
2.9422,2/6/2016
2.9446,1/6/2016
2.9503,31/05/2016
2.9524,27/05/2016
2.9616,26/05/2016
2.9389,25/05/2016
2.9375,24/05/2016
2.9469,23/05/2016
2.9583,20/05/2016
2.9472,19/05/2016
2.9588,18/05/2016
2.9525,17/05/2016
2.9507,16/05/2016
2.9294,13/05/2016
2.9186,11/5/2016
2.9166,10/5/2016
2.9255,9/5/2016
2.9395,6/5/2016
2.9449,5/5/2016
2.9582,4/5/2016
2.9781,3/5/2016
2.9866,2/5/2016
2.9995,28/04/2016
2.9868,27/04/2016
2.9781,26/04/2016
2.9731,25/04/2016
2.9715,21/04/2016
2.967,20/04/2016
2.9598,19/04/2016
2.9274,18/04/2016
2.9463,15/04/2016
2.9518,14/04/2016
2.9451,13/04/2016
2.9257,12/4/2016
2.9134,11/4/2016
2.8924,8/4/2016
2.8916,7/4/2016
2.9036,6/4/2016
2.8865,5/4/2016
2.8994,4/4/2016
2.9067,1/4/2016
2.9128,31/03/2016
2.9075,30/03/2016
2.9056,29/03/2016
2.8961,28/03/2016
2.9352,23/03/2016
2.942,22/03/2016
2.9515,21/03/2016
2.9645,18/03/2016
2.9593,17/03/2016
2.9137,16/03/2016
2.9137,15/03/2016
2.9263,14/03/2016
2.9202,11/3/2016
2.9413,10/3/2016
2.9151,9/3/2016
2.9343,8/3/2016
2.9283,7/3/2016
2.8997,4/3/2016
2.8947,3/3/2016
2.8875,2/3/2016
2.8882,1/3/2016
2.8834,29/02/2016
2.8874,26/02/2016
2.86,25/02/2016
2.8359,24/02/2016
2.8479,23/02/2016
2.8393,22/02/2016
2.8435,19/02/2016
2.8558,18/02/2016
2.8232,17/02/2016
2.8365,16/02/2016
2.8134,15/02/2016
2.7898,12/2/2016
2.7869,11/2/2016
2.7981,10/2/2016
2.7921,9/2/2016
2.7886,8/2/2016
2.8318,5/2/2016
2.8599,4/2/2016
2.8452,3/2/2016
2.8266,2/2/2016
2.8174,1/2/2016
2.8179,29/01/2016
2.8093,28/01/2016
2.8247,27/01/2016
2.7898,26/01/2016
2.806,25/01/2016
2.7899,22/01/2016
2.7433,21/01/2016
2.7194,20/01/2016
2.7372,19/01/2016
2.7272,18/01/2016
2.7155,15/01/2016
2.7418,14/01/2016
2.7735,13/01/2016
2.776,12/1/2016
2.7842,11/1/2016
2.7801,8/1/2016
2.7831,7/1/2016
2.7981,6/1/2016
2.8215,5/1/2016
2.8105,4/1/2016
